user_id,total_draws,completed_draws,first_draw_time,last_draw_time,free_unlock_draws,paid_unlock_draws,diamond_unlock_draws,coin_draws,diamond_generated,total_consumption,平台,App版本,渠道,新老用户,付费状态,提现系统版本,scratch_completed_user,repeat_draw_user,draw_eq_10_user,draw_ge_10_user,draw_count_bucket
10419159,18,18,2026-06-04 15:05:00.768,2026-06-10 17:27:48.223,18,0,0,0,2250,0,Android,2.0.06,google-play,Old User,Non-paid,钻石提现版本,True,True,False,True,10+
10590308,1,1,2026-06-05 10:57:26.696,2026-06-05 10:57:26.696,0,0,1,0,900,1500,Android,2.0.03,(direct),Old User,Non-paid,钻石提现版本,True,False,False,False,1
11019977,2,2,2026-06-09 05:40:46.932,2026-06-09 05:41:29.277,2,0,0,0,300,0,Android,2.0.06,google-play,New User,Non-paid,钻石提现版本,True,True,False,False,2-3
11169155,41,41,2026-06-01 11:40:43.165,2026-06-11 02:34:16.036,30,0,11,0,16400,16500,Android,2.0.03,(direct),Old User,Non-paid,钻石提现版本,True,True,False,True,10+
11613118,1,1,2026-06-08 09:43:30.195,2026-06-08 09:43:30.195,1,0,0,0,50,0,Android,2.0.06,google-play,Old User,Non-paid,钻石提现版本,True,False,False,False,1
11700202,10,10,2026-05-29 04:31:29.448,2026-06-01 11:48:52.350,0,0,10,0,2000,15000,Android,2.0.02,getit,Old User,Non-paid,钻石提现版本,True,True,True,True,10+
11721121,2,2,2026-06-07 07:42:12.229,2026-06-10 02:31:24.350,0,0,2,0,1200,3000,Android,2.0.06,(direct),New User,Non-paid,钻石提现版本,True,True,False,False,2-3
12353014,5,5,2026-05-30 11:54:06.970,2026-06-10 09:59:26.560,0,0,5,0,8900,7500,Android,2.0.02,google-play,Old User,Non-paid,钻石提现版本,True,True,False,False,4-5
13192489,3,3,2026-05-29 00:38:13.910,2026-06-02 07:24:50.601,3,0,0,0,300,0,Android,2.0.01,(direct),Old User,Non-paid,钻石提现版本,True,True,False,False,2-3
14477756,1,1,2026-06-06 20:24:02.156,2026-06-06 20:24:02.156,0,0,1,0,900,1500,iOS,1.9.73,(direct),Old User,Non-paid,钻石提现版本,True,False,False,False,1
14800807,1,1,2026-06-04 13:59:57.259,2026-06-04 13:59:57.259,0,0,1,0,700,1500,Android,2.0.06,google-play,Old User,Non-paid,钻石提现版本,True,False,False,False,1
14979895,1,1,2026-06-08 13:28:32.818,2026-06-08 13:28:32.818,0,0,1,0,0,1500,Android,2.0.05,(direct),Old User,Non-paid,钻石提现版本,True,False,False,False,1
15835142,1,0,2026-06-01 21:17:05.878,2026-06-01 21:17:05.878,1,0,0,1,100,0,Unknown,Unknown,Unknown,Old User,Non-paid,未知提现版本,False,False,False,False,1
15975490,20,20,2026-06-03 10:53:25.561,2026-06-10 03:39:56.315,0,0,20,0,26400,30000,Android,2.0.05,frog,Old User,Non-paid,钻石提现版本,True,True,False,True,10+
16094557,1,1,2026-05-30 10:51:17.858,2026-05-30 10:51:17.858,1,0,0,0,100,0,Unknown,Unknown,Unknown,Old User,Non-paid,未知提现版本,True,False,False,False,1
17210548,10,10,2026-06-11 02:03:31.674,2026-06-11 02:17:04.624,4,3,3,0,8850,9000,iOS,1.9.76,(direct),Old User,Paid,钻石提现版本,True,True,True,True,10+
17860161,7,7,2026-05-28 06:05:26.484,2026-06-10 11:51:32.906,0,3,4,0,1000,10500,Android,2.0.02,google-play,Old User,Non-paid,钻石提现版本,True,True,False,False,6-9
18113153,1,1,2026-06-04 21:25:54.662,2026-06-04 21:25:54.662,1,0,0,0,200,0,Android,2.0.06,(direct),Old User,Non-paid,钻石提现版本,True,False,False,False,1
18259927,1,1,2026-06-04 19:49:36.419,2026-06-04 19:49:36.419,0,0,1,0,700,1500,Android,2.0.05,(direct),New User,Non-paid,钻石提现版本,True,False,False,False,1
18451046,1,1,2026-06-09 10:20:06.891,2026-06-09 10:20:06.891,0,1,0,0,700,1500,Android,2.0.06,(direct),Old User,Non-paid,钻石提现版本,True,False,False,False,1
18703405,3,0,2026-06-10 07:22:11.826,2026-06-10 07:24:08.764,3,0,0,3,400,0,Android,2.0.02,(direct),Old User,Non-paid,钻石提现版本,False,True,False,False,2-3
18863158,2,0,2026-06-02 03:17:00.894,2026-06-02 03:17:23.691,2,0,0,2,200,0,Android,1.9.99,(direct),Old User,Non-paid,钻石提现版本,False,True,False,False,2-3
19778432,1,1,2026-06-04 06:23:24.423,2026-06-04 06:23:24.423,1,0,0,0,100,0,Android,2.0.06,frog,Old User,Non-paid,钻石提现版本,True,False,False,False,1
19998256,15,15,2026-05-29 06:47:08.260,2026-06-10 17:19:25.867,15,0,0,0,2600,0,Android,2.0.03,(direct),Old User,Non-paid,钻石提现版本,True,True,False,True,10+
20053640,2,2,2026-06-04 12:25:14.439,2026-06-07 10:59:32.107,1,1,0,0,100,1500,Android,2.0.03,(direct),Old User,Non-paid,钻石提现版本,True,True,False,False,2-3
20377032,1,1,2026-05-29 19:26:44.283,2026-05-29 19:26:44.283,1,0,0,0,100,0,Android,2.0.03,google-play,New User,Paid,钻石提现版本,True,False,False,False,1
21368443,4,4,2026-05-31 12:23:37.004,2026-06-09 16:58:17.722,3,0,1,0,250,1500,Android,2.0.03,(direct),Old User,Non-paid,钻石提现版本,True,True,False,False,4-5
21449129,3,3,2026-06-08 16:41:03.506,2026-06-08 16:45:10.282,3,0,0,0,700,0,Android,2.0.01,google-play,Old User,Non-paid,钻石提现版本,True,True,False,False,2-3
21941216,5,5,2026-06-10 03:23:07.297,2026-06-10 03:23:07.389,0,0,5,0,4000,7500,Android,2.0.06,google,Old User,Non-paid,钻石提现版本,True,True,False,False,4-5
22009255,5,5,2026-06-05 11:08:06.376,2026-06-05 19:26:07.714,5,0,0,0,800,0,Android,2.0.05,google-play,Old User,Non-paid,钻石提现版本,True,True,False,False,4-5
22060507,5,5,2026-05-29 14:41:56.133,2026-05-29 14:41:56.218,0,0,5,0,7500,7500,Android,2.0.03,google-play,Old User,Non-paid,钻石提现版本,True,True,False,False,4-5
22100626,10,3,2026-05-28 05:57:07.325,2026-05-28 15:54:52.081,6,0,4,7,8000,6000,Unknown,Unknown,Unknown,Old User,Non-paid,未知提现版本,True,True,True,True,10+
23659463,1,1,2026-06-04 23:17:17.739,2026-06-04 23:17:17.739,1,0,0,0,150,0,Android,2.0.02,(direct),Old User,Non-paid,钻石提现版本,True,False,False,False,1
24122391,12,12,2026-05-28 06:12:54.156,2026-06-09 23:38:41.776,1,0,11,0,8400,16500,iOS,1.9.74,(direct),Old User,Non-paid,钻石提现版本,True,True,False,True,10+
24617638,10,10,2026-06-07 05:06:31.757,2026-06-07 05:19:56.231,0,0,10,0,6500,15000,iOS,1.9.75,(direct),Old User,Non-paid,钻石提现版本,True,True,True,True,10+
25394568,5,5,2026-06-04 16:02:03.310,2026-06-05 08:32:17.250,2,0,3,0,3050,4500,Android,2.0.05,(direct),Old User,Paid,钻石提现版本,True,True,False,False,4-5
25621462,11,11,2026-05-28 12:48:03.874,2026-06-05 09:07:31.085,0,0,11,0,13200,16500,Android,2.0.03,google-play,Old User,Non-paid,钻石提现版本,True,True,False,True,10+
27222100,3,3,2026-05-30 08:57:11.684,2026-05-30 08:58:44.315,0,0,3,0,5100,4500,Android,2.0.03,google-play,New User,Non-paid,钻石提现版本,True,True,False,False,2-3
27835983,3,3,2026-05-30 07:41:36.921,2026-05-30 07:44:28.792,2,0,1,0,700,1500,Android,2.0.02,getit,Old User,Non-paid,钻石提现版本,True,True,False,False,2-3
28046192,1,1,2026-06-04 06:49:20.251,2026-06-04 06:49:20.251,0,1,0,0,0,1500,iOS,1.9.75,(direct),New User,Non-paid,钻石提现版本,True,False,False,False,1
29996427,14,14,2026-05-29 04:12:10.696,2026-06-09 08:13:13.503,13,0,1,0,2250,1500,Android,2.0.03,(direct),Old User,Non-paid,钻石提现版本,True,True,False,True,10+
30217484,48,48,2026-05-28 19:24:13.860,2026-06-09 18:54:59.919,0,0,48,0,65300,72000,iOS,1.9.74,(direct),Old User,Non-paid,钻石提现版本,True,True,False,True,10+
30555479,30,30,2026-06-06 23:33:45.302,2026-06-10 22:59:02.758,30,0,0,0,3950,0,Android,2.0.06,(direct),Old User,Non-paid,钻石提现版本,True,True,False,True,10+
30751685,1,1,2026-06-07 10:46:31.100,2026-06-07 10:46:31.100,0,0,1,0,1100,1500,iOS,1.9.76,(direct),New User,Non-paid,钻石提现版本,True,False,False,False,1
31717352,1,0,2026-06-01 16:17:13.041,2026-06-01 16:17:13.041,1,0,0,1,100,0,Android,2.0.04,(direct),New User,Non-paid,钻石提现版本,False,False,False,False,1
32066704,10,10,2026-06-04 02:28:52.929,2026-06-04 02:42:52.339,0,6,4,0,4200,15000,Android,2.0.05,(direct),Old User,Non-paid,钻石提现版本,True,True,True,True,10+
32258991,2,2,2026-06-05 21:48:43.033,2026-06-07 07:29:35.477,1,0,1,0,800,1500,Android,2.0.06,(direct),Old User,Non-paid,钻石提现版本,True,True,False,False,2-3
32339767,1,1,2026-05-31 06:48:40.207,2026-05-31 06:48:40.207,1,0,0,0,100,0,iOS,1.9.74,(direct),Old User,Non-paid,钻石提现版本,True,False,False,False,1
33674881,1,1,2026-06-08 23:08:04.071,2026-06-08 23:08:04.071,1,0,0,0,150,0,iOS,1.9.76,(direct),New User,Non-paid,钻石提现版本,True,False,False,False,1
33945181,1,0,2026-05-29 01:42:11.899,2026-05-29 01:42:11.899,0,0,1,1,0,1500,iOS,1.9.74,getit,Old User,Non-paid,钻石提现版本,False,False,False,False,1
34834236,25,25,2026-06-07 02:38:43.513,2026-06-08 07:37:30.272,20,0,5,0,6050,7500,iOS,1.9.76,(direct),New User,Paid,钻石提现版本,True,True,False,True,10+
35826393,42,42,2026-05-29 00:44:41.134,2026-06-10 03:15:32.397,42,0,0,0,4600,0,iOS,1.9.74,(direct),Old User,Non-paid,钻石提现版本,True,True,False,True,10+
37515427,3,2,2026-06-08 01:18:20.888,2026-06-09 05:05:12.652,0,0,3,1,1200,4500,Android,2.0.06,(direct),New User,Non-paid,钻石提现版本,True,True,False,False,2-3
38049287,4,4,2026-06-06 02:11:07.297,2026-06-06 02:17:20.830,4,0,0,0,300,0,iOS,1.9.76,(direct),New User,Non-paid,钻石提现版本,True,True,False,False,4-5
38060757,1,1,2026-06-05 19:27:35.042,2026-06-05 19:27:35.042,0,0,1,0,0,1500,iOS,1.9.76,(direct),New User,Paid,钻石提现版本,True,False,False,False,1
38223738,5,5,2026-06-01 03:31:07.478,2026-06-01 03:31:07.561,0,0,5,0,1400,7500,Android,2.0.03,AppReferral,Old User,Non-paid,钻石提现版本,True,True,False,False,4-5
39552416,2,2,2026-06-07 22:02:57.751,2026-06-07 22:03:54.305,2,0,0,0,200,0,iOS,1.9.76,(direct),Old User,Non-paid,钻石提现版本,True,True,False,False,2-3
39683927,10,10,2026-05-29 14:09:48.528,2026-05-29 14:46:12.544,8,0,2,0,1000,3000,Android,2.0.03,(direct),Old User,Non-paid,钻石提现版本,True,True,True,True,10+
41178691,12,12,2026-05-28 22:06:50.309,2026-06-02 23:40:57.549,0,10,2,0,7100,18000,Android,2.0.03,google-play,Old User,Non-paid,钻石提现版本,True,True,False,True,10+
41222878,7,7,2026-06-09 02:30:39.322,2026-06-09 02:33:33.300,7,0,0,0,650,0,Android,2.0.03,google-play,Old User,Non-paid,钻石提现版本,True,True,False,False,6-9
41629673,1,1,2026-05-30 11:05:20.785,2026-05-30 11:05:20.785,0,0,1,0,0,1500,Unknown,Unknown,Unknown,Old User,Non-paid,未知提现版本,True,False,False,False,1
41980790,2,2,2026-06-08 11:55:04.831,2026-06-10 04:37:46.656,0,0,2,0,0,3000,Android,2.0.06,(direct),Old User,Paid,钻石提现版本,True,True,False,False,2-3
42417691,1,1,2026-06-10 01:07:52.509,2026-06-10 01:07:52.509,0,0,1,0,0,1500,Android,2.0.06,apps.facebook.com,Old User,Paid,钻石提现版本,True,False,False,False,1
43151571,11,11,2026-06-06 12:30:04.629,2026-06-07 11:10:48.360,0,0,11,0,9900,16500,Android,2.0.03,(direct),Old User,Non-paid,钻石提现版本,True,True,False,True,10+
43320466,8,8,2026-05-28 06:41:58.165,2026-06-06 19:31:50.670,0,0,8,0,20100,12000,Android,2.0.02,google,Old User,Non-paid,钻石提现版本,True,True,False,False,6-9
43516139,3,3,2026-05-28 06:40:38.970,2026-06-07 18:42:41.373,1,0,2,0,100,3000,iOS,1.9.73,(direct),Old User,Non-paid,钻石提现版本,True,True,False,False,2-3
43768033,1,0,2026-06-07 21:22:48.512,2026-06-07 21:22:48.512,0,0,1,1,900,1500,iOS,1.9.73,frog,Old User,Non-paid,钻石提现版本,False,False,False,False,1
44215364,7,7,2026-05-30 10:50:34.880,2026-06-01 06:13:28.309,0,0,7,0,3200,10500,Android,2.0.03,(direct),Old User,Non-paid,钻石提现版本,True,True,False,False,6-9
44536809,1,1,2026-06-06 07:43:28.406,2026-06-06 07:43:28.406,0,0,1,0,0,1500,Android,2.0.03,google-play,Old User,Non-paid,钻石提现版本,True,False,False,False,1
45196708,1,1,2026-06-07 23:16:58.155,2026-06-07 23:16:58.155,0,0,1,0,900,1500,Unknown,Unknown,Unknown,Old User,Non-paid,未知提现版本,True,False,False,False,1
45402727,6,6,2026-05-28 12:02:00.550,2026-05-31 22:11:54.527,0,2,4,0,1900,9000,Android,2.0.02,google-play,Old User,Non-paid,钻石提现版本,True,True,False,False,6-9
45663707,1,1,2026-06-10 22:56:45.610,2026-06-10 22:56:45.610,0,0,1,0,0,1500,Android,2.0.05,google,Old User,Non-paid,钻石提现版本,True,False,False,False,1
46773687,1,0,2026-06-05 10:39:50.101,2026-06-05 10:39:50.101,0,0,1,1,0,1500,Unknown,Unknown,Unknown,Old User,Non-paid,未知提现版本,False,False,False,False,1
47454161,1,1,2026-06-09 03:37:30.579,2026-06-09 03:37:30.579,0,0,1,0,500,1500,Android,2.0.06,apps.facebook.com,New User,Non-paid,钻石提现版本,True,False,False,False,1
47919218,5,4,2026-06-10 04:02:15.271,2026-06-10 04:07:00.110,5,0,0,1,1050,0,Android,2.0.06,(direct),Old User,Paid,钻石提现版本,True,True,False,False,4-5
49026690,8,8,2026-06-04 11:51:57.784,2026-06-05 17:54:18.090,5,0,3,0,7000,4500,Android,2.0.05,(direct),Old User,Non-paid,钻石提现版本,True,True,False,False,6-9
49768930,59,59,2026-05-28 15:01:43.786,2026-06-06 01:49:07.003,27,9,23,0,45600,48000,Android,2.0.02,(direct),Old User,Non-paid,钻石提现版本,True,True,False,True,10+
50415260,1,0,2026-05-29 13:11:49.836,2026-05-29 13:11:49.836,0,0,1,1,0,1500,iOS,1.9.74,AppReferral,Old User,Non-paid,钻石提现版本,False,False,False,False,1
50843916,50,50,2026-05-28 07:21:42.453,2026-06-10 22:31:12.372,35,0,15,0,15600,22500,Android,2.0.03,google-play,Old User,Non-paid,钻石提现版本,True,True,False,True,10+
51690163,1,1,2026-06-06 02:31:10.688,2026-06-06 02:31:10.688,0,0,1,0,2000,1500,Android,2.0.06,apps.instagram.com,New User,Non-paid,钻石提现版本,True,False,False,False,1
51919689,5,4,2026-06-02 13:19:47.343,2026-06-10 22:20:00.676,0,0,5,1,1900,7500,Android,2.0.03,(direct),Old User,Non-paid,钻石提现版本,True,True,False,False,4-5
51949048,5,5,2026-05-30 08:33:11.672,2026-06-02 04:34:06.301,2,0,3,0,2500,4500,Android,2.0.03,(direct),Old User,Paid,钻石提现版本,True,True,False,False,4-5
53267234,1,1,2026-05-30 04:03:20.690,2026-05-30 04:03:20.690,0,0,1,0,2000,1500,Android,2.0.03,google-play,Old User,Non-paid,钻石提现版本,True,False,False,False,1
53529906,1,1,2026-06-09 14:04:36.455,2026-06-09 14:04:36.455,1,0,0,0,200,0,Android,2.0.06,(direct),Old User,Non-paid,钻石提现版本,True,False,False,False,1
53871359,13,13,2026-05-28 05:10:55.269,2026-05-31 01:07:39.294,4,1,8,0,6200,13500,Android,2.0.03,(direct),Old User,Non-paid,钻石提现版本,True,True,False,True,10+
54255440,1,1,2026-06-02 19:17:04.382,2026-06-02 19:17:04.382,0,0,1,0,0,1500,Android,2.0.05,(direct),New User,Non-paid,钻石提现版本,True,False,False,False,1
54326740,42,42,2026-05-29 18:36:02.059,2026-06-10 10:03:59.869,42,0,0,0,6950,0,Android,2.0.02,(direct),Old User,Paid,钻石提现版本,True,True,False,True,10+
54332232,1,1,2026-05-28 12:17:22.374,2026-05-28 12:17:22.374,1,0,0,0,200,0,Android,2.0.03,(direct),Old User,Non-paid,钻石提现版本,True,False,False,False,1
54355445,2,2,2026-05-28 06:45:39.984,2026-05-28 06:46:04.818,2,0,0,0,200,0,Android,2.0.02,(direct),Old User,Non-paid,钻石提现版本,True,True,False,False,2-3
54468064,1,1,2026-05-29 04:35:56.358,2026-05-29 04:35:56.358,1,0,0,0,100,0,Android,2.0.03,(direct),Old User,Non-paid,钻石提现版本,True,False,False,False,1
54568869,4,4,2026-05-29 14:19:49.415,2026-06-05 11:18:59.685,4,0,0,0,500,0,Android,2.0.03,google-play,Old User,Non-paid,钻石提现版本,True,True,False,False,4-5
55277327,1,1,2026-06-06 07:04:10.147,2026-06-06 07:04:10.147,1,0,0,0,200,0,Android,2.0.03,google-play,Old User,Paid,钻石提现版本,True,False,False,False,1
55359521,2,2,2026-06-09 02:13:34.334,2026-06-09 02:14:25.535,2,0,0,0,200,0,Android,2.0.03,google-play,Old User,Non-paid,钻石提现版本,True,True,False,False,2-3
55359808,10,10,2026-06-03 00:23:24.873,2026-06-03 00:24:19.562,10,0,0,0,1000,0,Android,2.0.05,google-play,Old User,Non-paid,钻石提现版本,True,True,True,True,10+
56061957,53,53,2026-05-29 02:34:06.330,2026-06-11 02:59:54.447,51,2,0,0,8150,3000,Android,2.0.02,AppReferral,Old User,Non-paid,钻石提现版本,True,True,False,True,10+
56953269,22,22,2026-06-01 16:33:17.878,2026-06-08 05:08:08.026,22,0,0,0,3350,0,Android,2.0.03,(direct),Old User,Non-paid,钻石提现版本,True,True,False,True,10+
57183670,2,0,2026-06-05 10:33:56.263,2026-06-05 10:34:31.287,0,0,2,2,0,3000,Android,2.0.02,(direct),Old User,Non-paid,钻石提现版本,False,True,False,False,2-3
57996124,12,0,2026-05-28 12:13:49.809,2026-06-09 01:02:35.314,11,0,1,12,1100,1500,Unknown,Unknown,Unknown,Old User,Non-paid,未知提现版本,False,True,False,True,10+
60160816,3,3,2026-05-29 06:23:46.184,2026-06-10 06:36:17.605,0,0,3,0,2100,4500,Android,2.0.03,google-play,Old User,Non-paid,钻石提现版本,True,True,False,False,2-3
60450559,10,10,2026-06-07 13:00:09.028,2026-06-09 06:36:38.611,8,0,2,0,4750,3000,Android,2.0.06,google-play,Old User,Non-paid,钻石提现版本,True,True,True,True,10+
60822117,1,1,2026-06-05 21:37:02.067,2026-06-05 21:37:02.067,0,0,1,0,500,1500,Android,2.0.06,google-play,Old User,Paid,钻石提现版本,True,False,False,False,1
61912324,6,6,2026-06-07 20:14:55.000,2026-06-07 20:22:35.792,0,6,0,0,2800,9000,iOS,1.9.76,(direct),Old User,Non-paid,钻石提现版本,True,True,False,False,6-9
62351262,7,7,2026-06-09 06:25:00.218,2026-06-09 06:29:13.419,0,2,5,0,6300,10500,Android,2.0.01,google-play,Old User,Non-paid,钻石提现版本,True,True,False,False,6-9
63267248,1,1,2026-05-31 07:10:12.180,2026-05-31 07:10:12.180,0,1,0,0,0,1500,Unknown,Unknown,Unknown,Old User,Non-paid,未知提现版本,True,False,False,False,1
63547745,6,6,2026-06-01 18:04:18.221,2026-06-05 10:26:53.663,1,0,5,0,6400,7500,Android,2.0.05,(direct),New User,Non-paid,钻石提现版本,True,True,False,False,6-9
64308777,2,2,2026-06-06 15:46:36.126,2026-06-09 07:43:00.231,0,0,2,0,2000,3000,Android,2.0.06,(direct),New User,Non-paid,钻石提现版本,True,True,False,False,2-3
64655357,2,2,2026-06-02 02:25:40.220,2026-06-02 02:27:03.971,0,0,2,0,1100,3000,Android,2.0.03,google-play,Old User,Non-paid,钻石提现版本,True,True,False,False,2-3
64663058,51,51,2026-05-29 12:37:26.462,2026-06-10 01:43:37.547,34,7,10,0,18900,25500,Android,2.0.03,frog,Old User,Paid,钻石提现版本,True,True,False,True,10+
64757717,10,10,2026-06-03 08:07:23.958,2026-06-03 08:10:54.419,10,0,0,0,1700,0,Unknown,Unknown,Unknown,Old User,Non-paid,未知提现版本,True,True,True,True,10+
65282317,1,1,2026-05-29 04:48:28.605,2026-05-29 04:48:28.605,0,0,1,0,500,1500,iOS,1.9.74,(direct),Old User,Paid,钻石提现版本,True,False,False,False,1
65492127,2,2,2026-05-28 05:24:27.465,2026-05-28 07:00:20.175,1,0,1,0,1000,1500,Unknown,Unknown,Unknown,Old User,Non-paid,未知提现版本,True,True,False,False,2-3
65737155,6,6,2026-05-30 17:47:51.094,2026-05-30 17:51:49.207,0,0,6,0,6900,9000,Android,2.0.01,(direct),Old User,Non-paid,钻石提现版本,True,True,False,False,6-9
66148743,1,1,2026-05-30 19:55:24.756,2026-05-30 19:55:24.756,0,0,1,0,900,1500,Android,2.0.03,(direct),Old User,Non-paid,钻石提现版本,True,False,False,False,1
66522233,1,1,2026-06-04 12:07:24.676,2026-06-04 12:07:24.676,0,1,0,0,900,1500,Android,2.0.06,google-play,Old User,Non-paid,钻石提现版本,True,False,False,False,1
66624623,3,3,2026-06-05 07:41:27.639,2026-06-05 07:44:53.637,3,0,0,0,350,0,iOS,1.9.75,(direct),Old User,Non-paid,钻石提现版本,True,True,False,False,2-3
67241507,10,10,2026-05-28 11:21:30.759,2026-06-05 19:35:55.315,4,0,6,0,5400,9000,Android,2.0.02,(direct),Old User,Non-paid,钻石提现版本,True,True,True,True,10+
67897421,4,4,2026-06-11 00:52:40.482,2026-06-11 00:52:40.553,0,0,4,0,1400,6000,Android,2.0.01,(direct),Old User,Non-paid,钻石提现版本,True,True,False,False,4-5
68114009,1,1,2026-05-28 06:55:20.752,2026-05-28 06:55:20.752,1,0,0,0,500,0,Unknown,Unknown,Unknown,Old User,Non-paid,未知提现版本,True,False,False,False,1
68375533,1,1,2026-05-28 09:27:39.535,2026-05-28 09:27:39.535,0,0,1,0,500,1500,Android,1.9.99,(direct),Old User,Non-paid,钻石提现版本,True,False,False,False,1
69084747,4,4,2026-06-02 02:35:52.359,2026-06-02 02:37:41.994,4,0,0,0,400,0,Android,2.0.05,google-play,New User,Non-paid,钻石提现版本,True,True,False,False,4-5
69877086,1,1,2026-06-03 19:55:14.863,2026-06-03 19:55:14.863,0,0,1,0,1100,1500,Android,1.9.97,google,Old User,Non-paid,信用分提现版本,True,False,False,False,1
71284315,43,43,2026-05-30 06:53:18.693,2026-06-09 04:00:34.381,35,1,7,0,9700,12000,Android,2.0.03,(direct),Old User,Non-paid,钻石提现版本,True,True,False,True,10+
71618308,2,2,2026-06-05 13:47:46.686,2026-06-05 13:49:06.169,0,2,0,0,3500,3000,Android,2.0.03,(direct),Old User,Non-paid,钻石提现版本,True,True,False,False,2-3
71850276,2,2,2026-06-08 22:38:46.274,2026-06-08 22:39:14.729,2,0,0,0,200,0,Android,1.9.99,frog,Old User,Non-paid,钻石提现版本,True,True,False,False,2-3
72247874,1,1,2026-06-02 14:18:24.734,2026-06-02 14:18:24.734,0,0,1,0,500,1500,Android,2.0.05,google-play,Old User,Non-paid,钻石提现版本,True,False,False,False,1
72855925,4,4,2026-05-28 07:37:31.146,2026-06-09 06:04:05.706,2,1,1,0,250,3000,Android,2.0.00,(direct),Old User,Non-paid,钻石提现版本,True,True,False,False,4-5
72968674,1,1,2026-06-04 22:31:32.398,2026-06-04 22:31:32.398,0,0,1,0,0,1500,iOS,1.9.75,(direct),Old User,Non-paid,钻石提现版本,True,False,False,False,1
74824026,1,1,2026-06-10 20:44:19.490,2026-06-10 20:44:19.490,0,0,1,0,0,1500,Android,2.0.06,google-play,Old User,Non-paid,钻石提现版本,True,False,False,False,1
75238168,1,1,2026-06-09 08:51:23.972,2026-06-09 08:51:23.972,1,0,0,0,100,0,Android,2.0.05,(direct),Old User,Non-paid,钻石提现版本,True,False,False,False,1
75696260,1,1,2026-06-03 01:45:46.156,2026-06-03 01:45:46.156,0,1,0,0,500,1500,Android,2.0.05,(direct),Old User,Non-paid,钻石提现版本,True,False,False,False,1
75878716,2,0,2026-06-02 04:10:01.706,2026-06-02 04:10:55.532,2,0,0,2,200,0,Android,2.0.01,frog,Old User,Non-paid,钻石提现版本,False,True,False,False,2-3
77456038,8,0,2026-05-28 06:48:59.440,2026-05-28 06:49:58.513,0,0,8,8,6300,12000,Unknown,Unknown,Unknown,Old User,Non-paid,未知提现版本,False,True,False,False,6-9
77613158,9,9,2026-06-04 02:03:56.216,2026-06-04 02:04:35.448,3,0,6,0,2100,9000,Android,2.0.02,google-play,Old User,Non-paid,钻石提现版本,True,True,False,False,6-9
77738762,10,10,2026-05-28 12:27:03.298,2026-06-08 07:44:00.939,8,0,2,0,2450,3000,Android,2.0.01,(direct),Old User,Non-paid,钻石提现版本,True,True,True,True,10+
77743476,7,7,2026-05-28 15:55:40.464,2026-05-29 16:50:39.534,0,0,7,0,4000,10500,Android,2.0.03,google-play,Old User,Non-paid,钻石提现版本,True,True,False,False,6-9
79507384,1,1,2026-06-09 05:37:55.131,2026-06-09 05:37:55.131,0,0,1,0,700,1500,Android,2.0.06,apps.facebook.com,New User,Non-paid,钻石提现版本,True,False,False,False,1
81003594,1,1,2026-06-07 20:40:42.814,2026-06-07 20:40:42.814,0,0,1,0,900,1500,iOS,1.9.73,(direct),Old User,Non-paid,钻石提现版本,True,False,False,False,1
81357874,5,5,2026-06-10 14:33:38.607,2026-06-10 14:33:38.670,0,0,5,0,2200,7500,Android,2.0.03,google-play,Old User,Paid,钻石提现版本,True,True,False,False,4-5
81729621,4,4,2026-06-08 14:00:45.727,2026-06-08 14:19:38.133,2,2,0,0,7600,3000,iOS,1.9.76,(direct),New User,Non-paid,钻石提现版本,True,True,False,False,4-5
81833431,2,2,2026-05-31 07:23:54.938,2026-06-02 09:44:33.049,2,0,0,0,200,0,iOS,1.9.72,(direct),Old User,Non-paid,钻石提现版本,True,True,False,False,2-3
82019523,4,4,2026-06-07 04:17:53.799,2026-06-07 04:19:06.417,4,0,0,0,450,0,Android,2.0.06,google-play,New User,Non-paid,钻石提现版本,True,True,False,False,4-5
82078832,3,3,2026-06-04 09:28:00.744,2026-06-10 08:15:52.862,2,1,0,0,1200,1500,Android,2.0.06,google-play,New User,Non-paid,钻石提现版本,True,True,False,False,2-3
82527711,1,1,2026-06-09 09:28:41.881,2026-06-09 09:28:41.881,0,0,1,0,900,1500,Android,2.0.06,(direct),Old User,Non-paid,钻石提现版本,True,False,False,False,1
83973652,5,0,2026-06-09 14:56:11.301,2026-06-09 14:56:11.387,0,0,5,5,5000,7500,Android,2.0.00,(direct),Old User,Non-paid,钻石提现版本,False,True,False,False,4-5
84987126,11,11,2026-05-28 13:59:37.652,2026-06-07 07:57:10.852,10,1,0,0,2200,1500,Android,2.0.03,google-play,New User,Paid,钻石提现版本,True,True,False,True,10+
85281938,9,9,2026-06-04 23:12:43.509,2026-06-07 00:10:16.149,0,0,9,0,7800,13500,Android,2.0.06,frog,Old User,Non-paid,钻石提现版本,True,True,False,False,6-9
85542496,21,21,2026-05-29 12:48:28.122,2026-06-09 04:29:06.361,1,3,17,0,17450,30000,Android,2.0.02,(direct),Old User,Non-paid,钻石提现版本,True,True,False,True,10+
85961313,5,5,2026-06-07 05:27:29.659,2026-06-07 05:29:58.939,5,0,0,0,550,0,Android,2.0.06,google-play,Old User,Non-paid,钻石提现版本,True,True,False,False,4-5
86232504,1,0,2026-05-30 03:56:08.440,2026-05-30 03:56:08.440,0,0,1,1,2000,1500,iOS,1.9.74,(direct),Old User,Non-paid,钻石提现版本,False,False,False,False,1
86705625,9,9,2026-05-29 09:47:20.727,2026-06-06 11:25:41.547,6,1,2,0,3050,4500,Android,2.0.03,google-play,New User,Non-paid,钻石提现版本,True,True,False,False,6-9
86878658,6,6,2026-06-09 04:23:56.029,2026-06-10 04:32:56.965,6,0,0,0,650,0,Unknown,Unknown,Unknown,Old User,Non-paid,未知提现版本,True,True,False,False,6-9
86921481,86,86,2026-05-28 16:25:25.916,2026-06-09 06:44:56.351,81,5,0,0,19250,7500,Android,2.0.02,AppReferral,Old User,Non-paid,钻石提现版本,True,True,False,True,10+
87183791,20,20,2026-05-28 06:17:28.352,2026-05-29 10:48:36.748,0,0,20,0,20000,30000,Unknown,Unknown,Unknown,Old User,Non-paid,未知提现版本,True,True,False,True,10+
88107506,3,0,2026-05-28 05:00:54.617,2026-05-28 05:01:06.347,0,0,3,3,1600,4500,Unknown,Unknown,Unknown,Old User,Non-paid,未知提现版本,False,True,False,False,2-3
88832065,10,10,2026-05-28 05:34:13.385,2026-06-08 06:03:50.136,0,0,10,0,5000,15000,Android,2.0.02,(direct),Old User,Non-paid,钻石提现版本,True,True,True,True,10+
90126131,11,11,2026-05-31 09:47:42.934,2026-06-09 07:37:26.841,11,0,0,0,1300,0,Android,2.0.02,(direct),Old User,Paid,钻石提现版本,True,True,False,True,10+
90150319,3,3,2026-06-08 23:46:48.089,2026-06-10 23:55:24.626,0,0,3,0,2800,4500,Android,2.0.03,(direct),Old User,Paid,钻石提现版本,True,True,False,False,2-3
90260586,17,17,2026-05-28 22:36:05.186,2026-06-10 12:01:30.152,17,0,0,0,2100,0,Android,2.0.01,(direct),Old User,Non-paid,钻石提现版本,True,True,False,True,10+
90494327,2,2,2026-06-08 15:40:25.403,2026-06-08 19:32:38.902,1,0,1,0,150,1500,Android,2.0.06,(direct),Old User,Non-paid,钻石提现版本,True,True,False,False,2-3
90994926,1,1,2026-06-03 19:43:26.321,2026-06-03 19:43:26.321,0,0,1,0,6200,1500,Android,2.0.06,(direct),New User,Non-paid,钻石提现版本,True,False,False,False,1
91177244,4,4,2026-06-07 23:33:00.505,2026-06-08 21:40:41.234,0,0,4,0,4000,6000,Android,2.0.06,(direct),Old User,Non-paid,钻石提现版本,True,True,False,False,4-5
91349312,1,1,2026-06-10 12:17:30.434,2026-06-10 12:17:30.434,0,0,1,0,0,1500,iOS,1.9.76,(direct),Old User,Non-paid,钻石提现版本,True,False,False,False,1
92194772,6,6,2026-06-04 09:29:29.088,2026-06-04 09:31:15.680,6,0,0,0,900,0,Android,2.0.06,google-play,Old User,Paid,钻石提现版本,True,True,False,False,6-9
94751500,2,2,2026-06-01 20:17:25.882,2026-06-04 07:22:40.740,1,1,0,0,1300,1500,Android,2.0.03,google-play,Old User,Non-paid,钻石提现版本,True,True,False,False,2-3
94935801,31,31,2026-06-02 02:23:51.375,2026-06-10 02:12:02.929,11,0,20,0,26000,30000,Android,2.0.03,(direct),Old User,Paid,钻石提现版本,True,True,False,True,10+
95070322,1,1,2026-06-06 00:28:22.482,2026-06-06 00:28:22.482,0,0,1,0,900,1500,Android,2.0.06,(direct),Old User,Paid,钻石提现版本,True,False,False,False,1
95186378,1,1,2026-06-02 03:29:53.628,2026-06-02 03:29:53.628,0,0,1,0,0,1500,Android,2.0.03,google-play,Old User,Non-paid,钻石提现版本,True,False,False,False,1
95280565,1,0,2026-06-06 15:38:56.688,2026-06-06 15:38:56.688,0,0,1,1,1400,1500,Android,2.0.02,google-play,Old User,Non-paid,钻石提现版本,False,False,False,False,1
95418418,1,1,2026-06-11 04:05:41.765,2026-06-11 04:05:41.765,0,0,1,0,3700,1500,Android,2.0.06,(direct),Old User,Non-paid,钻石提现版本,True,False,False,False,1
95758915,1,1,2026-06-01 04:01:46.737,2026-06-01 04:01:46.737,0,0,1,0,0,1500,Android,2.0.03,(direct),Old User,Non-paid,钻石提现版本,True,False,False,False,1
96373165,1,1,2026-06-09 16:47:27.680,2026-06-09 16:47:27.680,0,0,1,0,900,1500,Android,2.0.06,apps.facebook.com,New User,Non-paid,钻石提现版本,True,False,False,False,1
97141733,1,0,2026-05-28 09:27:51.838,2026-05-28 09:27:51.838,1,0,0,1,100,0,iOS,1.9.74,(direct),New User,Non-paid,钻石提现版本,False,False,False,False,1
97253904,4,4,2026-06-06 06:38:37.126,2026-06-09 02:29:51.560,0,0,4,0,2700,6000,iOS,1.9.76,(direct),New User,Non-paid,钻石提现版本,True,True,False,False,4-5
97516085,4,4,2026-06-01 13:04:24.695,2026-06-09 12:27:44.964,0,0,4,0,1400,6000,iOS,1.9.75,(direct),Old User,Non-paid,钻石提现版本,True,True,False,False,4-5
97949885,1,1,2026-05-29 02:44:30.362,2026-05-29 02:44:30.362,0,0,1,0,900,1500,Android,2.0.03,(direct),Old User,Non-paid,钻石提现版本,True,False,False,False,1
97965624,75,75,2026-05-28 07:28:48.088,2026-06-11 02:49:52.228,55,0,20,0,27400,30000,Unknown,Unknown,Unknown,Old User,Non-paid,未知提现版本,True,True,False,True,10+
